,EmailAddress,Password,LastName,FirstName,MI,Address,ZipCode,Phone,Birthday,State,City
0,cbaker@freezing.co.uk,hellothere,Baker,Christopher,L,76430 Cindy Cove,14230,5125595133,1968-11-28 00:00:00,FL,South Nicholas
1,mb@puppy.com,555533,Bradicus,Michelle,Q,96687 Bass Parks Apt. 893,05149,2102702860,1988-02-07 00:00:00,MD,West Janicemouth
2,fd@puppy.com,666645,Broccoli,Franco,V,9269 Robbins Valley,09198,8175683686,1999-11-07 00:00:00,AZ,Jonesland
3,wendy@puppy.com,Kansas,Charile,Wendy,L,04075 Lauren Ways,66355,5125967209,1992-10-27 00:00:00,NC,Schmitthaven
4,limchou@puppy.com,Rockwall,Chou,Lim,Q,189 Julie Throughway,63705,2107748586,1961-11-11 00:00:00,MT,West Amanda
5,444444.Dave@aool.com,444444,Dave,Shan,D,930 Joy Hollow Suite 517,50853,2142667242,1972-12-19 00:00:00,MT,Sherriport
6,louann@puppy.com,longhorns,Feeley,Lou Ann,K,22345 Sheri Orchard Suite 279,80687,8172580736,1958-08-01 00:00:00,AZ,Lake Hollystad
7,tfreeley@puppy.com,puppies,Freeley,Tesa,P,7017 Andrew Rapid Apt. 518,80470,8173279674,2001-07-12 00:00:00,AR,Jamesfort
8,mgar@puppy.com,horses,Garcia,Margaret,L,519 Kramer Crossroad Suite 418,99672,8176617531,1956-11-17 00:00:00,MN,North Kimberly
9,chaley@thug.com,mycats,Harley,Charles,E,5100 Scott Burg,66353,2148499570,1998-05-29 00:00:00,SC,East Clayton
10,jeff@puppy.com,jeffery,Stark,Jeffrey,T,412 Snow Manors Apt. 161,57004,5127002600,1974-05-02 00:00:00,NV,South Kimtown
11,wjhearniii@umch.edu,posicles,Hearn,John,B,75415 David Square Apt. 552,19282,2148989608,1983-12-29 00:00:00,PA,Port Terristad
12,hicks43@puppy.com,guac45,Hicks,Mark,J,31045 Sarah Fort,93231,2105812952,1989-12-16 00:00:00,MI,East Shawn
13,bradsingram@mall.utexas.edu,father,Ingram,Brad,S,03557 Phillips Wells Suite 291,16915,5124702808,1958-09-18 00:00:00,FL,New Beverlyburgh
14,father.Ingram@aool.com,555897,Jacobs,Todd,L,8332 Watson Shore,92535,5124677352,1975-12-09 00:00:00,CA,Port Davidtown
15,victoria@puppy.com,something,Lawrence,Victoria,M,64862 Evans Knoll,08084,5129481386,1981-05-29 00:00:00,NC,East Seanstad
16,lineback@flush.net,treelover,Lineback,Brad,W,0657 Nathan Mountains Apt. 214,58980,2102473963,1973-05-19 00:00:00,UT,New Catherineberg
17,elowe@netscrape.net,headear,Lowe,Evan,S,66237 Giles Divide Suite 717,81599,2105368614,1993-06-07 00:00:00,NV,West Aaron
18,luce_chuck@puppy.com,gooseyloosey,Luce,Chuck,B,34148 Roger Terrace Suite 173,88121,2107007535,1995-06-11 00:00:00,KY,Ramireztown
19,mackcloud@pimpdaddy.com,rainyday,MacLeod,Jennifer,D,46896 Garcia Glen,05147,5124772125,1965-10-11 00:00:00,CO,Justinborough
20,liz@puppy.com,ember22,Markham,Elizabeth,P,4851 Pamela Track,68636,5124603832,1989-06-18 00:00:00,LA,North Robert
21,mclarence@puppy.com,lamemartin,Martin,Clarence,A,838 Robert Roads,49234,8174979188,1984-04-28 00:00:00,NV,Figueroaview
22,lamemartin.Martin@aool.com,gregory,Martinez,Gregory,R,11669 Taylor Skyway,29076,8178770705,1981-12-27 00:00:00,MT,Michaelfort
23,cmiller@mapster.com,mucky44,Miller,Charles,R,8570 Evans Summit Suite 093,09211,8177482602,1987-05-05 00:00:00,NC,West Thomastown
24,nelson.Kelly@puppy.com,Tree34,Nelson,Kelly,T,605 Darren Alley,18940,5122950953,1969-08-03 00:00:00,IN,Morganport
25,jojoe@puppy.com,jvb485bg,Nguyen,Joe,C,16756 Mark Rue Suite 272,51471,2143149884,1956-02-06 00:00:00,MI,Davidburgh
26,orielly@foxnets.com,Bobbygirl,O'Reilly,Bill,T,6337 Brenda Causeway Suite 031,23225,2103474912,1989-03-14 00:00:00,TX,West Brian
27,or@puppy.com,radioactive,Radkovich,Anka,L,491 Wise Knoll,72221,2142369553,1952-10-26 00:00:00,SD,Ellishaven
28,megrhodes@freezing.co.uk,gopigs,Rhodes,Megan,C,774 Lewis Grove Apt. 002,56566,5123768733,1958-03-18 00:00:00,CA,Adamtown
29,erynrice@puppy.com,iloveme,Rice,Eryn,M,683 Lee Rest,60236,5123900644,2000-11-02 00:00:00,ND,New Nicolemouth
30,jorge@hootmail.com,565656,Rodriguez,Jorge,,0803 Miller Ways Suite 334,45581,8178928361,1979-01-01 00:00:00,NJ,Larryfurt
31,ra@aoo.com,treeman,Rogers,Allen,B,48107 Hardy Causeway,11722,5128776930,2000-03-12 00:00:00,DE,Wernermouth
32,o_st-jean@home.com,55htrq,Saint-Jean,Olivier,M,12637 Lisa Points,29343,2104169665,1997-05-01 00:00:00,NM,Williamsburgh
33,ss34@puppy.com,leaves,Saunders,Sarah,J,5561 Bishop Turnpike,79756,5123521797,1994-05-31 00:00:00,NY,Lake Kenneth
34,willsheff@email.com,borbj44,Sewell,William,T,443 David Tunnel Apt. 263,97746,5124534071,1951-12-10 00:00:00,AL,West Nichole
35,sheff44@puppy.com,ldiul485,Sheffield,Martin,J,16419 Hall Stravenue Suite 331,63450,5125503154,1993-07-02 00:00:00,SC,Emilybury
36,johnsmith187@puppy.com,kribv75,Smith,John,A,220 Richardson Roads Apt. 262,27567,2108345875,1985-06-13 00:00:00,WV,New Vickie
37,dustroud@mail.com,klavjkb48,Stroud,Dustin,P,332 Kathleen Knoll Apt. 719,02157,2142370654,1974-07-14 00:00:00,ME,New Caitlinfort
38,eric_stuart@puppy.com,vkb451,Stuart,Eric,D,277 Padilla Common,41974,5128202322,1968-06-17 00:00:00,ID,Derrickfurt
39,peterstump@hootmail.com,kdsiu4,Stump,Peter,L,0305 Matthew Mill Apt. 452,96486,8174584890,2001-07-23 00:00:00,AR,Andreshire
40,tanner@puppy.com,klrfbj45,Tanner,Jeremy,S,0700 Brady Fork,55898,8174614916,1973-12-28 00:00:00,TN,Carlton
41,taylordjay@puppy.com,lraggrhb854,Taylor,Allison,R,76254 Debra Stream,70454,5124772439,1999-09-30 00:00:00,KS,Reyeschester
42,lraggrhb854.Taylor@aool.com,alsuib95,Taylor,Rachel,K,91662 Vincent Road Apt. 153,97862,5124536618,1956-02-24 00:00:00,GA,East Sonya
43,tee_frank@hootmail.com,kd1734,Tee,Frank,J,169 Christine Mount,97234,8178789530,1964-11-11 00:00:00,MA,New Carolyn
44,tuck33@puppy.com,kjdb983,Tucker,Clent,J,07154 Stephen Parkways Suite 265,70013,2148495141,1990-06-25 00:00:00,ME,Lindafurt
45,avelasco@puppy.com,odrb02,Velasco,Allen,G,708 Villa Camp Suite 616,04993,2144009625,1966-12-13 00:00:00,WA,Tylertown
46,westj@pioneer.net,kndl847,West,Jake,T,943 Hughes Village Suite 319,94883,2148499231,1968-02-06 00:00:00,TX,Lindabury
47,louielouie@puppy.com,lb2394,Winthorpe,Louis,L,25090 Stephanie Lake Suite 457,18950,2145674085,1961-07-23 00:00:00,WY,Burkeburgh
48,rwood@voyager.net,drai494,Wood,Reagan,B,2507 Burgess Field,69907,5124569229,1988-10-24 00:00:00,HI,New Sharonview
