,EmailAddress,Password,LastName,FirstName,MI,Address,ZipCode,Phone,Birthday
0,cbaker@freezing.co.uk,hellothere,Baker,Christopher,L,1245 Lake America Blvd.,78733,5125595133,1968-11-28 00:00:00
1,mb@puppy.com,555533,Bradicus,Michelle,Q,1300 Small Pine Lane,78261,2102702860,1988-02-07 00:00:00
2,fd@puppy.com,666645,Broccoli,Franco,V,62 Cookie Rd,77019,8175683686,1999-11-07 00:00:00
3,wendy@puppy.com,Kansas,Charile,Wendy,L,202 Bellmoth Hall,78713,5125967209,1992-10-27 00:00:00
4,limchou@puppy.com,Rockwall,Chou,Lim,Q,1600 Barbara Lane,78266,2107748586,1961-11-11 00:00:00
5,444444.Dave@aool.com,444444,Dave,Shan,D,234 Puppy Circle,75208,2142667242,1972-12-19 00:00:00
6,louann@puppy.com,longhorns,Feeley,Lou Ann,K,700 S 9th Street W,77010,8172580736,1958-08-01 00:00:00
7,tfreeley@puppy.com,puppies,Freeley,Tesa,P,4334 Meanview Ave.,77009,8173279674,2001-07-12 00:00:00
8,mgar@puppy.com,horses,Garcia,Margaret,L,594 Puppyview,77003,8176617531,1956-11-17 00:00:00
9,chaley@thug.com,mycats,Harley,Charles,E,One Ranger Pkwy,75261,2148499570,1998-05-29 00:00:00
10,jeff@puppy.com,jeffery,Stark,Jeffrey,T,337 40th St.,78705,5127002600,1974-05-02 00:00:00
11,wjhearniii@umch.edu,posicles,Hearn,John,B,4445 South First,75237,2148989608,1983-12-29 00:00:00
12,hicks43@puppy.com,guac45,Hicks,Mark,J,"32 NE Mark Ln., Ste 910",78239,2105812952,1989-12-16 00:00:00
13,bradsingram@mall.utexas.edu,father,Ingram,Brad,S,6548 La Chess St.,78736,5124702808,1958-09-18 00:00:00
14,father.Ingram@aool.com,555897,Jacobs,Todd,L,4564 Palm St.,78731,5124677352,1975-12-09 00:00:00
15,victoria@puppy.com,something,Lawrence,Victoria,M,6639 Butterfly Ln.,78761,5129481386,1981-05-29 00:00:00
16,lineback@flush.net,treelover,Lineback,Brad,W,1300 Pirateland St,78293,2102473963,1973-05-19 00:00:00
17,elowe@netscrape.net,headear,Lowe,Evan,S,3201 Pineapple Drive,78279,2105368614,1993-06-07 00:00:00
18,luce_chuck@puppy.com,gooseyloosey,Luce,Chuck,B,2345 Silent Clouds,78268,2107007535,1995-06-11 00:00:00
19,mackcloud@pimpdaddy.com,rainyday,MacLeod,Jennifer,D,2504 Far East Blvd.,78731,5124772125,1965-10-11 00:00:00
20,liz@puppy.com,ember22,Markham,Elizabeth,P,7861 Chevy Mace Rd,78732,5124603832,1989-06-18 00:00:00
21,mclarence@puppy.com,lamemartin,Martin,Clarence,A,87 Alcedo St.,77045,8174979188,1984-04-28 00:00:00
22,lamemartin.Martin@aool.com,gregory,Martinez,Gregory,R,8295 Moon Blvd.,77030,8178770705,1981-12-27 00:00:00
23,cmiller@mapster.com,mucky44,Miller,Charles,R,8962 Side St.,77031,8177482602,1987-05-05 00:00:00
24,nelson.Kelly@puppy.com,Tree34,Nelson,Kelly,T,2601 Green River,78703,5122950953,1969-08-03 00:00:00
25,jojoe@puppy.com,jvb485bg,Nguyen,Joe,C,1249 4th NW St.,75238,2143149884,1956-02-06 00:00:00
26,orielly@foxnets.com,Bobbygirl,O'Reilly,Bill,T,8800 Gringo Drive,78260,2103474912,1989-03-14 00:00:00
27,or@puppy.com,radioactive,Radkovich,Anka,L,1300 Freaky,75260,2142369553,1952-10-26 00:00:00
28,megrhodes@freezing.co.uk,gopigs,Rhodes,Megan,C,4587 Rightfield Rd.,78707,5123768733,1958-03-18 00:00:00
29,erynrice@puppy.com,iloveme,Rice,Eryn,M,3405 Rio Small,78705,5123900644,2000-11-02 00:00:00
30,jorge@hootmail.com,565656,Rodriguez,Jorge,,6788 Cotten Street,77057,8178928361,1979-01-01 00:00:00
31,ra@aoo.com,treeman,Rogers,Allen,B,4965 Rabbit Hill,78732,5128776930,2000-03-12 00:00:00
32,o_st-jean@home.com,55htrq,Saint-Jean,Olivier,M,255 Slap Dr.,78292,2104169665,1997-05-01 00:00:00
33,ss34@puppy.com,leaves,Saunders,Sarah,J,332 Fish C,78705,5123521797,1994-05-31 00:00:00
34,willsheff@email.com,borbj44,Sewell,William,T,2365 34st St.,78709,5124534071,1951-12-10 00:00:00
35,sheff44@puppy.com,ldiul485,Sheffield,Martin,J,3886 Road A,78705,5125503154,1993-07-02 00:00:00
36,johnsmith187@puppy.com,kribv75,Smith,John,A,23 Known Forge Dr.,78280,2108345875,1985-06-13 00:00:00
37,dustroud@mail.com,klavjkb48,Stroud,Dustin,P,1212 Henrietta Rd,75221,2142370654,1974-07-14 00:00:00
38,eric_stuart@puppy.com,vkb451,Stuart,Eric,D,5576 Big Ring,78746,5128202322,1968-06-17 00:00:00
39,peterstump@hootmail.com,kdsiu4,Stump,Peter,L,1300 Kellen Square,77018,8174584890,2001-07-23 00:00:00
40,tanner@puppy.com,klrfbj45,Tanner,Jeremy,S,4347 Palmstead,77044,8174614916,1973-12-28 00:00:00
41,taylordjay@puppy.com,lraggrhb854,Taylor,Allison,R,467 Nueces St.,78705,5124772439,1999-09-30 00:00:00
42,lraggrhb854.Taylor@aool.com,alsuib95,Taylor,Rachel,K,345 Shortview Dr.,78705,5124536618,1956-02-24 00:00:00
43,tee_frank@hootmail.com,kd1734,Tee,Frank,J,5590 Big Dr.,77004,8178789530,1964-11-11 00:00:00
44,tuck33@puppy.com,kjdb983,Tucker,Clent,J,3132 Main St.,75315,2148495141,1990-06-25 00:00:00
45,avelasco@puppy.com,odrb02,Velasco,Allen,G,634 W. 4th,75207,2144009625,1966-12-13 00:00:00
46,westj@pioneer.net,kndl847,West,Jake,T,RR 3244,75323,2148499231,1968-02-06 00:00:00
47,louielouie@puppy.com,lb2394,Winthorpe,Louis,L,2500 Madre Blvd,78746,2145674085,1961-07-23 00:00:00
48,rwood@voyager.net,drai494,Wood,Reagan,B,447 Westlake Dr.,78746,5124569229,1988-10-24 00:00:00
